{"cameraMode":{"drawMode":0,"name":"Shaded","section":"Shading Mode"},"sceneLighting":false,"audioPlay":false,"sceneViewState":{"m_AlwaysRefresh":false,"showFog":true,"showSkybox":false,"showFlares":true,"showImageEffects":true,"showParticleSystems":true,"showVisualEffectGraphs":true,"m_FxEnabled":true},"in2DMode":false,"pivot":{"x":-0.0000019073486328125,"y":0.03072977066040039,"z":-104.36195373535156},"rotation":{"x":0.22049841284751893,"y":0.23489700257778169,"z":-0.05480131506919861,"w":0.9451295137405396},"size":9.323257446289063,"orthographic":false}