{"cameraMode":{"drawMode":0,"name":"Shaded","section":"Shading Mode"},"sceneLighting":false,"audioPlay":false,"sceneViewState":{"m_AlwaysRefresh":false,"showFog":true,"showSkybox":false,"showFlares":true,"showImageEffects":true,"showParticleSystems":true,"showVisualEffectGraphs":true,"m_FxEnabled":true},"in2DMode":false,"pivot":{"x":0.007190286181867123,"y":0.20890405774116517,"z":0.18905554711818696},"rotation":{"x":-0.05369730293750763,"y":0.943451464176178,"z":-0.190461665391922,"w":-0.26598992943763735},"size":0.6120664477348328,"orthographic":true}