{"cameraMode":{"drawMode":0,"name":"Shaded","section":"Shading Mode"},"sceneLighting":false,"audioPlay":false,"sceneViewState":{"m_AlwaysRefresh":false,"showFog":true,"showSkybox":false,"showFlares":true,"showImageEffects":true,"showParticleSystems":true,"showVisualEffectGraphs":true,"m_FxEnabled":true},"in2DMode":false,"pivot":{"x":0.25578269362449648,"y":0.08626016974449158,"z":0.011774876154959202},"rotation":{"x":0.08509830385446549,"y":0.005977170541882515,"z":-0.0005082345451228321,"w":0.9963885545730591},"size":0.4769379198551178,"orthographic":false}