{"cameraMode":{"drawMode":0,"name":"Shaded","section":"Shading Mode"},"sceneLighting":false,"audioPlay":false,"sceneViewState":{"m_AlwaysRefresh":false,"showFog":true,"showSkybox":false,"showFlares":true,"showImageEffects":true,"showParticleSystems":true,"showVisualEffectGraphs":true,"m_FxEnabled":true},"in2DMode":false,"pivot":{"x":0.02218465507030487,"y":3.15232253074646,"z":3.1767680644989015},"rotation":{"x":0.12445610761642456,"y":0.020237606018781663,"z":-0.002552799182012677,"w":0.9920623898506165},"size":0.3198525011539459,"orthographic":false}